paper_id,title,year,url,arxiv_id,primary_category,categories,pdf_url,topic,reason
P0001,ReAct: Synergizing Reasoning and Acting in Language Models,2022,http://arxiv.org/abs/2210.03629v3,2210.03629v3,cs.CL,"cs.CL,cs.AI,cs.LG",https://arxiv.org/pdf/2210.03629v3,,ranked_by=relevance;score=999;pinned_classic
P0002,Toolformer: Language Models Can Teach Themselves to Use Tools,2023,http://arxiv.org/abs/2302.04761v1,2302.04761v1,cs.CL,cs.CL,https://arxiv.org/pdf/2302.04761v1,,ranked_by=relevance;score=999;pinned_classic
P0003,Reflexion: Language Agents with Verbal Reinforcement Learning,2023,http://arxiv.org/abs/2303.11366v4,2303.11366v4,cs.AI,"cs.AI,cs.CL,cs.LG",https://arxiv.org/pdf/2303.11366v4,,ranked_by=relevance;score=999;pinned_classic
P0004,Tree of Thoughts: Deliberate Problem Solving with Large Language Models,2023,http://arxiv.org/abs/2305.10601v2,2305.10601v2,cs.CL,"cs.CL,cs.AI,cs.LG",https://arxiv.org/pdf/2305.10601v2,,ranked_by=relevance;score=999;pinned_classic
P0005,Voyager: An Open-Ended Embodied Agent with Large Language Models,2023,http://arxiv.org/abs/2305.16291v2,2305.16291v2,cs.AI,"cs.AI,cs.LG",https://arxiv.org/pdf/2305.16291v2,,ranked_by=relevance;score=999;pinned_classic
P0006,"Agentic Large Language Models, a survey",2025,http://arxiv.org/abs/2503.23037v3,2503.23037v3,cs.AI,"cs.AI,cs.CL,cs.LG",https://arxiv.org/pdf/2503.23037v3,,ranked_by=relevance;score=8;prior_survey
P0007,Modeling LLM Agent Reviewer Dynamics in Elo-Ranked Review System,2026,http://arxiv.org/abs/2601.08829v1,2601.08829v1,cs.CL,"cs.CL,cs.AI",https://arxiv.org/pdf/2601.08829v1,,ranked_by=relevance;score=7;prior_survey
P0008,LLM/Agent-as-Data-Analyst: A Survey,2025,http://arxiv.org/abs/2509.23988v3,2509.23988v3,cs.AI,"cs.AI,cs.DB",https://arxiv.org/pdf/2509.23988v3,,ranked_by=relevance;score=7;prior_survey
P0009,"Large Language Model Agent: A Survey on Methodology, Applications and Challenges",2025,http://arxiv.org/abs/2503.21460v1,2503.21460v1,cs.CL,cs.CL,https://arxiv.org/pdf/2503.21460v1,,ranked_by=relevance;score=7;prior_survey
P0010,Large Language Model Agent in Financial Trading: A Survey,2024,http://arxiv.org/abs/2408.06361v1,2408.06361v1,q-fin.TR,"q-fin.TR,cs.CL",https://arxiv.org/pdf/2408.06361v1,,ranked_by=relevance;score=7;prior_survey
P0011,Beyond Max Tokens: Stealthy Resource Amplification via Tool Calling Chains in LLM Agents,2026,http://arxiv.org/abs/2601.10955v1,2601.10955v1,cs.CR,"cs.CR,cs.AI",https://arxiv.org/pdf/2601.10955v1,,ranked_by=relevance;score=8
P0012,Reasoning-Style Poisoning of LLM Agents via Stealthy Style Transfer: Process-Level Attacks and Runtime Monitoring in RSV Space,2025,http://arxiv.org/abs/2512.14448v1,2512.14448v1,cs.CR,"cs.CR,cs.AI",https://arxiv.org/pdf/2512.14448v1,,ranked_by=relevance;score=7
P0013,"Personal LLM Agents: Insights and Survey about the Capability, Efficiency and Security",2024,http://arxiv.org/abs/2401.05459v2,2401.05459v2,cs.HC,"cs.HC,cs.AI,cs.SE",https://arxiv.org/pdf/2401.05459v2,,ranked_by=relevance;score=7
P0014,Beyond Perfect APIs: A Comprehensive Evaluation of LLM Agents Under Real-World API Complexity,2026,http://arxiv.org/abs/2601.00268v1,2601.00268v1,cs.CL,"cs.CL,cs.AI",https://arxiv.org/pdf/2601.00268v1,,ranked_by=relevance;score=6
P0015,ReliabilityBench: Evaluating LLM Agent Reliability Under Production-Like Stress Conditions,2026,http://arxiv.org/abs/2601.06112v1,2601.06112v1,cs.AI,cs.AI,https://arxiv.org/pdf/2601.06112v1,,ranked_by=relevance;score=6
P0016,A Survey of Large Language Model Agents for Question Answering,2025,http://arxiv.org/abs/2503.19213v1,2503.19213v1,cs.CL,"cs.CL,cs.AI,cs.HC",https://arxiv.org/pdf/2503.19213v1,,ranked_by=relevance;score=6
P0017,A Survey of Large Language Model Empowered Agents for Recommendation and Search: Towards Next-Generation Information Retrieval,2025,http://arxiv.org/abs/2503.05659v2,2503.05659v2,cs.IR,cs.IR,https://arxiv.org/pdf/2503.05659v2,,ranked_by=relevance;score=6
P0018,AudioToolAgent: An Agentic Framework for Audio-Language Models,2025,http://arxiv.org/abs/2510.02995v1,2510.02995v1,cs.SD,cs.SD,https://arxiv.org/pdf/2510.02995v1,,ranked_by=relevance;score=6
P0019,AutoPDL: Automatic Prompt Optimization for LLM Agents,2025,http://arxiv.org/abs/2504.04365v5,2504.04365v5,cs.LG,"cs.LG,cs.AI,cs.PL",https://arxiv.org/pdf/2504.04365v5,,ranked_by=relevance;score=6
P0020,AutoQual: An LLM Agent for Automated Discovery of Interpretable Features for Review Quality Assessment,2025,http://arxiv.org/abs/2510.08081v1,2510.08081v1,cs.AI,"cs.AI,cs.CL",https://arxiv.org/pdf/2510.08081v1,,ranked_by=relevance;score=6
P0021,AutoTool: Efficient Tool Selection for Large Language Model Agents,2025,http://arxiv.org/abs/2511.14650v1,2511.14650v1,cs.AI,cs.AI,https://arxiv.org/pdf/2511.14650v1,,ranked_by=relevance;score=6
P0022,Automating Android Build Repair: Bridging the Reasoning-Execution Gap in LLM Agents with Domain-Specific Tools,2025,http://arxiv.org/abs/2510.08640v2,2510.08640v2,cs.SE,"cs.SE,cs.AI",https://arxiv.org/pdf/2510.08640v2,,ranked_by=relevance;score=6
P0023,Bridging AI and Software Security: A Comparative Vulnerability Assessment of LLM Agent Deployment Paradigms,2025,http://arxiv.org/abs/2507.06323v1,2507.06323v1,cs.CR,"cs.CR,cs.AI",https://arxiv.org/pdf/2507.06323v1,,ranked_by=relevance;score=6
P0024,Bridging Symbolic Control and Neural Reasoning in LLM Agents: The Structured Cognitive Loop,2025,http://arxiv.org/abs/2511.17673v3,2511.17673v3,cs.AI,"cs.AI,cs.CL",https://arxiv.org/pdf/2511.17673v3,,ranked_by=relevance;score=6
P0025,Complex System Diagnostics Using a Knowledge Graph-Informed and Large Language Model-Enhanced Framework,2025,http://arxiv.org/abs/2505.21291v1,2505.21291v1,cs.AI,cs.AI,https://arxiv.org/pdf/2505.21291v1,,ranked_by=relevance;score=6
P0026,Guided Reasoning in LLM-Driven Penetration Testing Using Structured Attack Trees,2025,http://arxiv.org/abs/2509.07939v2,2509.07939v2,cs.CR,"cs.CR,cs.LG",https://arxiv.org/pdf/2509.07939v2,,ranked_by=relevance;score=6
P0027,LLM Agents Beyond Utility: An Open-Ended Perspective,2025,http://arxiv.org/abs/2510.14548v1,2510.14548v1,cs.AI,cs.AI,https://arxiv.org/pdf/2510.14548v1,,ranked_by=relevance;score=6
P0028,LLM Agents Making Agent Tools,2025,http://arxiv.org/abs/2502.11705v2,2502.11705v2,cs.CL,"cs.CL,cs.AI,cs.LG,cs.MA",https://arxiv.org/pdf/2502.11705v2,,ranked_by=relevance;score=6
P0029,LLM Agents for Knowledge Discovery in Atomic Layer Processing,2025,http://arxiv.org/abs/2509.26201v1,2509.26201v1,cs.AI,"cs.AI,cond-mat.mes-hall,cond-mat.mtrl-sci",https://arxiv.org/pdf/2509.26201v1,,ranked_by=relevance;score=6
P0030,Large Language Model Agent for Structural Drawing Generation Using ReAct Prompt Engineering and Retrieval Augmented Generation,2025,http://arxiv.org/abs/2507.19771v1,2507.19771v1,cs.LG,"cs.LG,cs.AI",https://arxiv.org/pdf/2507.19771v1,,ranked_by=relevance;score=6
P0031,Measuring temporal effects of agent knowledge by date-controlled tool use,2025,http://arxiv.org/abs/2503.04188v2,2503.04188v2,cs.CL,"cs.CL,cs.IR",https://arxiv.org/pdf/2503.04188v2,,ranked_by=relevance;score=6
P0032,Meta-RAG on Large Codebases Using Code Summarization,2025,http://arxiv.org/abs/2508.02611v1,2508.02611v1,cs.SE,"cs.SE,cs.AI",https://arxiv.org/pdf/2508.02611v1,,ranked_by=relevance;score=6
P0033,Progent: Programmable Privilege Control for LLM Agents,2025,http://arxiv.org/abs/2504.11703v2,2504.11703v2,cs.CR,"cs.CR,cs.AI",https://arxiv.org/pdf/2504.11703v2,,ranked_by=relevance;score=6
P0034,"Review of Case-Based Reasoning for LLM Agents: Theoretical Foundations, Architectural Components, and Cognitive Integration",2025,http://arxiv.org/abs/2504.06943v2,2504.06943v2,cs.AI,"cs.AI,cs.MA",https://arxiv.org/pdf/2504.06943v2,,ranked_by=relevance;score=6
P0035,SAND: Boosting LLM Agents with Self-Taught Action Deliberation,2025,http://arxiv.org/abs/2507.07441v2,2507.07441v2,cs.CL,cs.CL,https://arxiv.org/pdf/2507.07441v2,,ranked_by=relevance;score=6
P0036,Self-Challenging Language Model Agents,2025,http://arxiv.org/abs/2506.01716v1,2506.01716v1,cs.AI,"cs.AI,cs.CL",https://arxiv.org/pdf/2506.01716v1,,ranked_by=relevance;score=6
P0037,Survey of LLM Agent Communication with MCP: A Software Design Pattern Centric Review,2025,http://arxiv.org/abs/2506.05364v1,2506.05364v1,cs.SE,cs.SE,https://arxiv.org/pdf/2506.05364v1,,ranked_by=relevance;score=6
P0038,Survey of Specialized Large Language Model,2025,http://arxiv.org/abs/2508.19667v1,2508.19667v1,cs.CL,"cs.CL,cs.AI",https://arxiv.org/pdf/2508.19667v1,,ranked_by=relevance;score=6
P0039,"Taxonomy, Evaluation and Exploitation of IPI-Centric LLM Agent Defense Frameworks",2025,http://arxiv.org/abs/2511.15203v1,2511.15203v1,cs.CR,"cs.CR,cs.AI",https://arxiv.org/pdf/2511.15203v1,,ranked_by=relevance;score=6
P0040,Towards a Design Guideline for RPA Evaluation: A Survey of Large Language Model-Based Role-Playing Agents,2025,http://arxiv.org/abs/2502.13012v3,2502.13012v3,cs.HC,"cs.HC,cs.CL",https://arxiv.org/pdf/2502.13012v3,,ranked_by=relevance;score=6
P0041,Tree Search for LLM Agent Reinforcement Learning,2025,http://arxiv.org/abs/2509.21240v2,2509.21240v2,cs.LG,"cs.LG,cs.AI",https://arxiv.org/pdf/2509.21240v2,,ranked_by=relevance;score=6
P0042,When Refusals Fail: Unstable Safety Mechanisms in Long-Context LLM Agents,2025,http://arxiv.org/abs/2512.02445v1,2512.02445v1,cs.LG,"cs.LG,cs.AI,cs.CL",https://arxiv.org/pdf/2512.02445v1,,ranked_by=relevance;score=6
P0043,Why Do Language Model Agents Whistleblow?,2025,http://arxiv.org/abs/2511.17085v2,2511.17085v2,cs.LG,"cs.LG,cs.AI",https://arxiv.org/pdf/2511.17085v2,,ranked_by=relevance;score=6
P0044,World Modelling Improves Language Model Agents,2025,http://arxiv.org/abs/2506.02918v2,2506.02918v2,cs.AI,"cs.AI,cs.LG",https://arxiv.org/pdf/2506.02918v2,,ranked_by=relevance;score=6
P0045,Your LLM Agents are Temporally Blind: The Misalignment Between Tool Use Decisions and Human Time Perception,2025,http://arxiv.org/abs/2510.23853v2,2510.23853v2,cs.CL,cs.CL,https://arxiv.org/pdf/2510.23853v2,,ranked_by=relevance;score=6
P0046,"AnyTool: Self-Reflective, Hierarchical Agents for Large-Scale API Calls",2024,http://arxiv.org/abs/2402.04253v1,2402.04253v1,cs.CL,cs.CL,https://arxiv.org/pdf/2402.04253v1,,ranked_by=relevance;score=6
P0047,ArCHer: Training Language Model Agents via Hierarchical Multi-Turn RL,2024,http://arxiv.org/abs/2402.19446v1,2402.19446v1,cs.LG,"cs.LG,cs.AI,cs.CL",https://arxiv.org/pdf/2402.19446v1,,ranked_by=relevance;score=6
P0048,Hacking CTFs with Plain Agents,2024,http://arxiv.org/abs/2412.02776v1,2412.02776v1,cs.CR,"cs.CR,cs.AI",https://arxiv.org/pdf/2412.02776v1,,ranked_by=relevance;score=6
P0049,LLM Agents can Autonomously Hack Websites,2024,http://arxiv.org/abs/2402.06664v3,2402.06664v3,cs.CR,"cs.CR,cs.AI",https://arxiv.org/pdf/2402.06664v3,,ranked_by=relevance;score=6
P0050,Large Language Model-Brained GUI Agents: A Survey,2024,http://arxiv.org/abs/2411.18279v12,2411.18279v12,cs.AI,"cs.AI,cs.CL,cs.HC",https://arxiv.org/pdf/2411.18279v12,,ranked_by=relevance;score=6
P0051,MeNTi: Bridging Medical Calculator and LLM Agent with Nested Tool Calling,2024,http://arxiv.org/abs/2410.13610v3,2410.13610v3,cs.AI,"cs.AI,cs.CL",https://arxiv.org/pdf/2410.13610v3,,ranked_by=relevance;score=6
P0052,The Emerged Security and Privacy of LLM Agent: A Survey with Case Studies,2024,http://arxiv.org/abs/2407.19354v2,2407.19354v2,cs.CR,cs.CR,https://arxiv.org/pdf/2407.19354v2,,ranked_by=relevance;score=6
P0053,Understanding the planning of LLM agents: A survey,2024,http://arxiv.org/abs/2402.02716v1,2402.02716v1,cs.AI,"cs.AI,cs.CL,cs.LG",https://arxiv.org/pdf/2402.02716v1,,ranked_by=relevance;score=6
P0054,A Survey on Large Language Model based Autonomous Agents,2023,http://arxiv.org/abs/2308.11432v7,2308.11432v7,cs.AI,"cs.AI,cs.CL",https://arxiv.org/pdf/2308.11432v7,,ranked_by=relevance;score=6
P0055,Autonomous Quantum Simulation through Large Language Model Agents,2026,http://arxiv.org/abs/2601.10194v1,2601.10194v1,quant-ph,"quant-ph,physics.chem-ph",https://arxiv.org/pdf/2601.10194v1,,ranked_by=relevance;score=5
P0056,Beyond IVR: Benchmarking Customer Support LLM Agents for Business-Adherence,2026,http://arxiv.org/abs/2601.00596v1,2601.00596v1,cs.CL,cs.CL,https://arxiv.org/pdf/2601.00596v1,,ranked_by=relevance;score=5
P0057,EvoRoute: Experience-Driven Self-Routing LLM Agent Systems,2026,http://arxiv.org/abs/2601.02695v1,2601.02695v1,cs.CL,"cs.CL,cs.MA",https://arxiv.org/pdf/2601.02695v1,,ranked_by=relevance;score=5
P0058,LLM Agent Framework for Intelligent Change Analysis in Urban Environment using Remote Sensing Imagery,2026,http://arxiv.org/abs/2601.02757v1,2601.02757v1,cs.AI,cs.AI,https://arxiv.org/pdf/2601.02757v1,,ranked_by=relevance;score=5
P0059,SpecMap: Hierarchical LLM Agent for Datasheet-to-Code Traceability Link Recovery in Systems Engineering,2026,http://arxiv.org/abs/2601.11688v1,2601.11688v1,cs.SE,"cs.SE,cs.AI",https://arxiv.org/pdf/2601.11688v1,,ranked_by=relevance;score=5
P0060,ToolPRMBench: Evaluating and Advancing Process Reward Models for Tool-using Agents,2026,http://arxiv.org/abs/2601.12294v1,2601.12294v1,cs.AI,"cs.AI,cs.SE",https://arxiv.org/pdf/2601.12294v1,,ranked_by=relevance;score=5
P0061,A Large-Language-Model Assisted Automated Scale Bar Detection and Extraction Framework for Scanning Electron Microscopic Images,2025,http://arxiv.org/abs/2510.11260v1,2510.11260v1,cs.CV,"cs.CV,cond-mat.mtrl-sci,cs.AI,physics.data-an",https://arxiv.org/pdf/2510.11260v1,,ranked_by=relevance;score=5
P0062,"A Survey of AI for Materials Science: Foundation Models, LLM Agents, Datasets, and Tools",2025,http://arxiv.org/abs/2506.20743v1,2506.20743v1,cs.LG,"cs.LG,cs.CE",https://arxiv.org/pdf/2506.20743v1,,ranked_by=relevance;score=5
P0063,ABBEL: LLM Agents Acting through Belief Bottlenecks Expressed in Language,2025,http://arxiv.org/abs/2512.20111v1,2512.20111v1,cs.CL,"cs.CL,cs.AI,cs.LG",https://arxiv.org/pdf/2512.20111v1,,ranked_by=relevance;score=5
P0064,AGrail: A Lifelong Agent Guardrail with Effective and Adaptive Safety Detection,2025,http://arxiv.org/abs/2502.11448v2,2502.11448v2,cs.AI,cs.AI,https://arxiv.org/pdf/2502.11448v2,,ranked_by=relevance;score=5
P0065,Agent Safety Alignment via Reinforcement Learning,2025,http://arxiv.org/abs/2507.08270v1,2507.08270v1,cs.AI,"cs.AI,cs.CR",https://arxiv.org/pdf/2507.08270v1,,ranked_by=relevance;score=5
P0066,Agent-Enhanced Large Language Models for Researching Political Institutions,2025,http://arxiv.org/abs/2503.13524v1,2503.13524v1,cs.CL,"cs.CL,cs.CY",https://arxiv.org/pdf/2503.13524v1,,ranked_by=relevance;score=5
P0067,Agent-R1: Training Powerful LLM Agents with End-to-End Reinforcement Learning,2025,http://arxiv.org/abs/2511.14460v1,2511.14460v1,cs.CL,cs.CL,https://arxiv.org/pdf/2511.14460v1,,ranked_by=relevance;score=5
P0068,AgentDNS: A Root Domain Naming System for LLM Agents,2025,http://arxiv.org/abs/2505.22368v1,2505.22368v1,cs.AI,cs.AI,https://arxiv.org/pdf/2505.22368v1,,ranked_by=relevance;score=5
P0069,AgentSHAP: Interpreting LLM Agent Tool Importance with Monte Carlo Shapley Value Estimation,2025,http://arxiv.org/abs/2512.12597v1,2512.12597v1,cs.AI,"cs.AI,cs.CL",https://arxiv.org/pdf/2512.12597v1,,ranked_by=relevance;score=5
P0070,AgentSwift: Efficient LLM Agent Design via Value-guided Hierarchical Search,2025,http://arxiv.org/abs/2506.06017v2,2506.06017v2,cs.CL,cs.CL,https://arxiv.org/pdf/2506.06017v2,,ranked_by=relevance;score=5
P0071,Agents of Change: Self-Evolving LLM Agents for Strategic Planning,2025,http://arxiv.org/abs/2506.04651v2,2506.04651v2,cs.AI,cs.AI,https://arxiv.org/pdf/2506.04651v2,,ranked_by=relevance;score=5
P0072,Attractive Metadata Attack: Inducing LLM Agents to Invoke Malicious Tools,2025,http://arxiv.org/abs/2508.02110v2,2508.02110v2,cs.AI,cs.AI,https://arxiv.org/pdf/2508.02110v2,,ranked_by=relevance;score=5
P0073,AutoPentest: Enhancing Vulnerability Management With Autonomous LLM Agents,2025,http://arxiv.org/abs/2505.10321v1,2505.10321v1,cs.CR,"cs.CR,cs.AI",https://arxiv.org/pdf/2505.10321v1,,ranked_by=relevance;score=5
P0074,AutoPentester: An LLM Agent-based Framework for Automated Pentesting,2025,http://arxiv.org/abs/2510.05605v1,2510.05605v1,cs.CR,"cs.CR,cs.AI",https://arxiv.org/pdf/2510.05605v1,,ranked_by=relevance;score=5
P0075,Automating Data-Driven Modeling and Analysis for Engineering Applications using Large Language Model Agents,2025,http://arxiv.org/abs/2510.01398v1,2510.01398v1,cs.AI,cs.AI,https://arxiv.org/pdf/2510.01398v1,,ranked_by=relevance;score=5
P0076,Can LLM Agents Solve Collaborative Tasks? A Study on Urgency-Aware Planning and Coordination,2025,http://arxiv.org/abs/2508.14635v1,2508.14635v1,cs.RO,"cs.RO,cs.AI",https://arxiv.org/pdf/2508.14635v1,,ranked_by=relevance;score=5
P0077,Capturing Semantic Flow of ML-based Systems,2025,http://arxiv.org/abs/2503.10310v1,2503.10310v1,cs.SE,"cs.SE,cs.LG",https://arxiv.org/pdf/2503.10310v1,,ranked_by=relevance;score=5
P0078,ChatVis: Large Language Model Agent for Generating Scientific Visualizations,2025,http://arxiv.org/abs/2507.23096v1,2507.23096v1,cs.HC,cs.HC,https://arxiv.org/pdf/2507.23096v1,,ranked_by=relevance;score=5
P0079,Check Yourself Before You Wreck Yourself: Selectively Quitting Improves LLM Agent Safety,2025,http://arxiv.org/abs/2510.16492v2,2510.16492v2,cs.CL,cs.CL,https://arxiv.org/pdf/2510.16492v2,,ranked_by=relevance;score=5
P0080,ContextAgent: Context-Aware Proactive LLM Agents with Open-World Sensory Perceptions,2025,http://arxiv.org/abs/2505.14668v2,2505.14668v2,cs.AI,"cs.AI,cs.CL,cs.HC",https://arxiv.org/pdf/2505.14668v2,,ranked_by=relevance;score=5
P0081,CyberSleuth: Autonomous Blue-Team LLM Agent for Web Attack Forensics,2025,http://arxiv.org/abs/2508.20643v1,2508.20643v1,cs.CR,cs.CR,https://arxiv.org/pdf/2508.20643v1,,ranked_by=relevance;score=5
P0082,DICE: Dynamic In-Context Example Selection in LLM Agents via Efficient Knowledge Transfer,2025,http://arxiv.org/abs/2507.23554v1,2507.23554v1,cs.AI,cs.AI,https://arxiv.org/pdf/2507.23554v1,,ranked_by=relevance;score=5
P0083,DataSciBench: An LLM Agent Benchmark for Data Science,2025,http://arxiv.org/abs/2502.13897v1,2502.13897v1,cs.CL,"cs.CL,cs.AI,cs.LG",https://arxiv.org/pdf/2502.13897v1,,ranked_by=relevance;score=5
P0084,Distilling LLM Agent into Small Models with Retrieval and Code Tools,2025,http://arxiv.org/abs/2505.17612v2,2505.17612v2,cs.CL,"cs.CL,cs.AI",https://arxiv.org/pdf/2505.17612v2,,ranked_by=relevance;score=5
P0085,ETOM: A Five-Level Benchmark for Evaluating Tool Orchestration within the MCP Ecosystem,2025,http://arxiv.org/abs/2510.19423v2,2510.19423v2,cs.AI,cs.AI,https://arxiv.org/pdf/2510.19423v2,,ranked_by=relevance;score=5
P0086,Enabling Self-Improving Agents to Learn at Test Time With Human-In-The-Loop Guidance,2025,http://arxiv.org/abs/2507.17131v2,2507.17131v2,cs.LG,"cs.LG,cs.AI",https://arxiv.org/pdf/2507.17131v2,,ranked_by=relevance;score=5
P0087,Encouraging Good Processes Without the Need for Good Answers: Reinforcement Learning for LLM Agent Planning,2025,http://arxiv.org/abs/2508.19598v1,2508.19598v1,cs.LG,cs.LG,https://arxiv.org/pdf/2508.19598v1,,ranked_by=relevance;score=5
P0088,End-to-End Edge AI Service Provisioning Framework in 6G ORAN,2025,http://arxiv.org/abs/2503.11933v1,2503.11933v1,cs.NI,"cs.NI,cs.AI",https://arxiv.org/pdf/2503.11933v1,,ranked_by=relevance;score=5
P0089,Evaluation and Benchmarking of LLM Agents: A Survey,2025,http://arxiv.org/abs/2507.21504v1,2507.21504v1,cs.LG,"cs.LG,cs.AI",https://arxiv.org/pdf/2507.21504v1,,ranked_by=relevance;score=5
P0090,EvolveR: Self-Evolving LLM Agents through an Experience-Driven Lifecycle,2025,http://arxiv.org/abs/2510.16079v1,2510.16079v1,cs.CL,"cs.CL,cs.AI",https://arxiv.org/pdf/2510.16079v1,,ranked_by=relevance;score=5
P0091,FEABench: Evaluating Language Models on Multiphysics Reasoning Ability,2025,http://arxiv.org/abs/2504.06260v1,2504.06260v1,cs.AI,"cs.AI,cs.CL,math.NA",https://arxiv.org/pdf/2504.06260v1,,ranked_by=relevance;score=5
P0092,FaultLine: Automated Proof-of-Vulnerability Generation Using LLM Agents,2025,http://arxiv.org/abs/2507.15241v1,2507.15241v1,cs.SE,cs.SE,https://arxiv.org/pdf/2507.15241v1,,ranked_by=relevance;score=5
P0093,GraphCodeAgent: Dual Graph-Guided LLM Agent for Retrieval-Augmented Repo-Level Code Generation,2025,http://arxiv.org/abs/2504.10046v2,2504.10046v2,cs.SE,cs.SE,https://arxiv.org/pdf/2504.10046v2,,ranked_by=relevance;score=5
P0094,Grounded Test-Time Adaptation for LLM Agents,2025,http://arxiv.org/abs/2511.04847v3,2511.04847v3,cs.LG,cs.LG,https://arxiv.org/pdf/2511.04847v3,,ranked_by=relevance;score=5
P0095,Group-in-Group Policy Optimization for LLM Agent Training,2025,http://arxiv.org/abs/2505.10978v3,2505.10978v3,cs.LG,"cs.LG,cs.AI",https://arxiv.org/pdf/2505.10978v3,,ranked_by=relevance;score=5
P0096,LLM Assisted Coding with Metamorphic Specification Mutation Agent,2025,http://arxiv.org/abs/2511.18249v1,2511.18249v1,cs.SE,cs.SE,https://arxiv.org/pdf/2511.18249v1,,ranked_by=relevance;score=5
P0097,MCP Security Bench (MSB): Benchmarking Attacks Against Model Context Protocol in LLM Agents,2025,http://arxiv.org/abs/2510.15994v1,2510.15994v1,cs.CR,"cs.CR,cs.AI",https://arxiv.org/pdf/2510.15994v1,,ranked_by=relevance;score=5
P0098,"MCP-Flow: Facilitating LLM Agents to Master Real-World, Diverse and Scaling MCP Tools",2025,http://arxiv.org/abs/2510.24284v2,2510.24284v2,cs.AI,cs.AI,https://arxiv.org/pdf/2510.24284v2,,ranked_by=relevance;score=5
P0099,MCPAgentBench: A Real-world Task Benchmark for Evaluating LLM Agent MCP Tool Use,2025,http://arxiv.org/abs/2512.24565v3,2512.24565v3,cs.AI,cs.AI,https://arxiv.org/pdf/2512.24565v3,,ranked_by=relevance;score=5
P0100,MedicalOS: An LLM Agent based Operating System for Digital Healthcare,2025,http://arxiv.org/abs/2509.11507v1,2509.11507v1,cs.AI,cs.AI,https://arxiv.org/pdf/2509.11507v1,,ranked_by=relevance;score=5
P0101,MemTool: Optimizing Short-Term Memory Management for Dynamic Tool Calling in LLM Agent Multi-Turn Conversations,2025,http://arxiv.org/abs/2507.21428v1,2507.21428v1,cs.CL,cs.CL,https://arxiv.org/pdf/2507.21428v1,,ranked_by=relevance;score=5
P0102,Merge and Conquer: Evolutionarily Optimizing AI for 2048,2025,http://arxiv.org/abs/2510.20205v1,2510.20205v1,cs.AI,cs.AI,https://arxiv.org/pdf/2510.20205v1,,ranked_by=relevance;score=5
P0103,Meta-Policy Reflexion: Reusable Reflective Memory and Rule Admissibility for Resource-Efficient LLM Agent,2025,http://arxiv.org/abs/2509.03990v2,2509.03990v2,cs.AI,cs.AI,https://arxiv.org/pdf/2509.03990v2,,ranked_by=relevance;score=5
P0104,MuaLLM: A Multimodal Large Language Model Agent for Circuit Design Assistance with Hybrid Contextual Retrieval-Augmented Generation,2025,http://arxiv.org/abs/2508.08137v1,2508.08137v1,cs.LG,"cs.LG,cs.AI,eess.SY",https://arxiv.org/pdf/2508.08137v1,,ranked_by=relevance;score=5
P0105,ORFS-agent: Tool-Using Agents for Chip Design Optimization,2025,http://arxiv.org/abs/2506.08332v2,2506.08332v2,cs.AI,cs.AI,https://arxiv.org/pdf/2506.08332v2,,ranked_by=relevance;score=5
P0106,OmniReflect: Discovering Transferable Constitutions for LLM agents via Neuro-Symbolic Reflections,2025,http://arxiv.org/abs/2506.17449v1,2506.17449v1,cs.AI,cs.AI,https://arxiv.org/pdf/2506.17449v1,,ranked_by=relevance;score=5
P0107,"Overhearing LLM Agents: A Survey, Taxonomy, and Roadmap",2025,http://arxiv.org/abs/2509.16325v1,2509.16325v1,cs.CL,"cs.CL,cs.AI,cs.HC",https://arxiv.org/pdf/2509.16325v1,,ranked_by=relevance;score=5
P0108,Planning without Search: Refining Frontier LLMs with Offline Goal-Conditioned RL,2025,http://arxiv.org/abs/2505.18098v2,2505.18098v2,cs.CL,"cs.CL,cs.AI",https://arxiv.org/pdf/2505.18098v2,,ranked_by=relevance;score=5
P0109,ProAgent: Harnessing On-Demand Sensory Contexts for Proactive LLM Agent Systems,2025,http://arxiv.org/abs/2512.06721v1,2512.06721v1,cs.AI,"cs.AI,cs.CL,cs.HC",https://arxiv.org/pdf/2512.06721v1,,ranked_by=relevance;score=5
P0110,QUITE: A Query Rewrite System Beyond Rules with LLM Agents,2025,http://arxiv.org/abs/2506.07675v3,2506.07675v3,cs.DB,"cs.DB,cs.AI",https://arxiv.org/pdf/2506.07675v3,,ranked_by=relevance;score=5
P0111,RAS-Eval: A Comprehensive Benchmark for Security Evaluation of LLM Agents in Real-World Environments,2025,http://arxiv.org/abs/2506.15253v1,2506.15253v1,cs.CR,"cs.CR,cs.AI",https://arxiv.org/pdf/2506.15253v1,,ranked_by=relevance;score=5
P0112,REMSA: An LLM Agent for Foundation Model Selection in Remote Sensing,2025,http://arxiv.org/abs/2511.17442v1,2511.17442v1,cs.CV,"cs.CV,cs.AI",https://arxiv.org/pdf/2511.17442v1,,ranked_by=relevance;score=5
P0113,ReAcTree: Hierarchical LLM Agent Trees with Control Flow for Long-Horizon Task Planning,2025,http://arxiv.org/abs/2511.02424v1,2511.02424v1,cs.AI,cs.AI,https://arxiv.org/pdf/2511.02424v1,,ranked_by=relevance;score=5
P0114,Reliable Weak-to-Strong Monitoring of LLM Agents,2025,http://arxiv.org/abs/2508.19461v1,2508.19461v1,cs.AI,"cs.AI,cs.CR,cs.LG",https://arxiv.org/pdf/2508.19461v1,,ranked_by=relevance;score=5
P0115,SHADE-Arena: Evaluating Sabotage and Monitoring in LLM Agents,2025,http://arxiv.org/abs/2506.15740v2,2506.15740v2,cs.AI,"cs.AI,cs.CR,cs.LG",https://arxiv.org/pdf/2506.15740v2,,ranked_by=relevance;score=5
P0116,SIRAJ: Diverse and Efficient Red-Teaming for LLM Agents via Distilled Structured Reasoning,2025,http://arxiv.org/abs/2510.26037v1,2510.26037v1,cs.CR,"cs.CR,cs.AI,cs.CL",https://arxiv.org/pdf/2510.26037v1,,ranked_by=relevance;score=5
P0117,SafeScientist: Toward Risk-Aware Scientific Discoveries by LLM Agents,2025,http://arxiv.org/abs/2505.23559v1,2505.23559v1,cs.AI,cs.AI,https://arxiv.org/pdf/2505.23559v1,,ranked_by=relevance;score=5
P0118,Scaling Long-Horizon LLM Agent via Context-Folding,2025,http://arxiv.org/abs/2510.11967v1,2510.11967v1,cs.CL,"cs.CL,cs.LG",https://arxiv.org/pdf/2510.11967v1,,ranked_by=relevance;score=5
P0119,Secure Multi-LLM Agentic AI and Agentification for Edge General Intelligence by Zero-Trust: A Survey,2025,http://arxiv.org/abs/2508.19870v1,2508.19870v1,cs.NI,cs.NI,https://arxiv.org/pdf/2508.19870v1,,ranked_by=relevance;score=5
P0120,Semantically-Aware LLM Agent to Enhance Privacy in Conversational AI Services,2025,http://arxiv.org/abs/2510.27016v1,2510.27016v1,cs.CL,cs.CL,https://arxiv.org/pdf/2510.27016v1,,ranked_by=relevance;score=5
P0121,Simulating Rumor Spreading in Social Networks using LLM Agents,2025,http://arxiv.org/abs/2502.01450v1,2502.01450v1,cs.SI,"cs.SI,cs.AI",https://arxiv.org/pdf/2502.01450v1,,ranked_by=relevance;score=5
P0122,SkyRL-Agent: Efficient RL Training for Multi-turn LLM Agent,2025,http://arxiv.org/abs/2511.16108v1,2511.16108v1,cs.AI,cs.AI,https://arxiv.org/pdf/2511.16108v1,,ranked_by=relevance;score=5
P0123,StaffPro: an LLM Agent for Joint Staffing and Profiling,2025,http://arxiv.org/abs/2507.21636v1,2507.21636v1,cs.AI,cs.AI,https://arxiv.org/pdf/2507.21636v1,,ranked_by=relevance;score=5
P0124,StockBench: Can LLM Agents Trade Stocks Profitably In Real-world Markets?,2025,http://arxiv.org/abs/2510.02209v1,2510.02209v1,cs.LG,"cs.LG,cs.CL",https://arxiv.org/pdf/2510.02209v1,,ranked_by=relevance;score=5
P0125,Structured Uncertainty guided Clarification for LLM Agents,2025,http://arxiv.org/abs/2511.08798v1,2511.08798v1,cs.CL,"cs.CL,cs.AI",https://arxiv.org/pdf/2511.08798v1,,ranked_by=relevance;score=5
P0126,Task Memory Engine (TME): Enhancing State Awareness for Multi-Step LLM Agent Tasks,2025,http://arxiv.org/abs/2504.08525v4,2504.08525v4,cs.AI,"cs.AI,cs.CL",https://arxiv.org/pdf/2504.08525v4,,ranked_by=relevance;score=5
P0127,Task Memory Engine: Spatial Memory for Robust Multi-Step LLM Agents,2025,http://arxiv.org/abs/2505.19436v1,2505.19436v1,cs.AI,"cs.AI,cs.CL",https://arxiv.org/pdf/2505.19436v1,,ranked_by=relevance;score=5
P0128,ToolScope: Enhancing LLM Agent Tool Use through Tool Merging and Context-Aware Filtering,2025,http://arxiv.org/abs/2510.20036v1,2510.20036v1,cs.CL,"cs.CL,cs.SE",https://arxiv.org/pdf/2510.20036v1,,ranked_by=relevance;score=5
P0129,Toward Verifiable Misinformation Detection: A Multi-Tool LLM Agent Framework,2025,http://arxiv.org/abs/2508.03092v1,2508.03092v1,cs.AI,"cs.AI,cs.CL",https://arxiv.org/pdf/2508.03092v1,,ranked_by=relevance;score=5
P0130,Training Task Reasoning LLM Agents for Multi-turn Task Planning via Single-turn Reinforcement Learning,2025,http://arxiv.org/abs/2509.20616v2,2509.20616v2,cs.LG,"cs.LG,eess.SY",https://arxiv.org/pdf/2509.20616v2,,ranked_by=relevance;score=5
P0131,Use of Retrieval-Augmented Large Language Model Agent for Long-Form COVID-19 Fact-Checking,2025,http://arxiv.org/abs/2512.00007v1,2512.00007v1,cs.IR,"cs.IR,cs.AI,cs.CL",https://arxiv.org/pdf/2512.00007v1,,ranked_by=relevance;score=5
P0132,We Should Identify and Mitigate Third-Party Safety Risks in MCP-Powered Agent Systems,2025,http://arxiv.org/abs/2506.13666v1,2506.13666v1,cs.LG,"cs.LG,cs.AI",https://arxiv.org/pdf/2506.13666v1,,ranked_by=relevance;score=5
P0133,What Makes LLM Agent Simulations Useful for Policy? Insights From an Iterative Design Engagement in Emergency Preparedness,2025,http://arxiv.org/abs/2509.21868v1,2509.21868v1,cs.HC,"cs.HC,cs.CL",https://arxiv.org/pdf/2509.21868v1,,ranked_by=relevance;score=5
P0134,Where LLM Agents Fail and How They can Learn From Failures,2025,http://arxiv.org/abs/2509.25370v1,2509.25370v1,cs.AI,cs.AI,https://arxiv.org/pdf/2509.25370v1,,ranked_by=relevance;score=5
P0135,Agent-SafetyBench: Evaluating the Safety of LLM Agents,2024,http://arxiv.org/abs/2412.14470v2,2412.14470v2,cs.CL,cs.CL,https://arxiv.org/pdf/2412.14470v2,,ranked_by=relevance;score=5
P0136,AgentSquare: Automatic LLM Agent Search in Modular Design Space,2024,http://arxiv.org/abs/2410.06153v3,2410.06153v3,cs.CL,cs.CL,https://arxiv.org/pdf/2410.06153v3,,ranked_by=relevance;score=5
P0137,An LLM Agent for Automatic Geospatial Data Analysis,2024,http://arxiv.org/abs/2410.18792v2,2410.18792v2,cs.CY,"cs.CY,cs.CL",https://arxiv.org/pdf/2410.18792v2,,ranked_by=relevance;score=5
P0138,AvaTaR: Optimizing LLM Agents for Tool Usage via Contrastive Reasoning,2024,http://arxiv.org/abs/2406.11200v3,2406.11200v3,cs.LG,"cs.LG,cs.CL",https://arxiv.org/pdf/2406.11200v3,,ranked_by=relevance;score=5
P0139,Better than Your Teacher: LLM Agents that learn from Privileged AI Feedback,2024,http://arxiv.org/abs/2410.05434v1,2410.05434v1,cs.LG,"cs.LG,cs.AI",https://arxiv.org/pdf/2410.05434v1,,ranked_by=relevance;score=5
P0140,CRMArena: Understanding the Capacity of LLM Agents to Perform Professional CRM Tasks in Realistic Environments,2024,http://arxiv.org/abs/2411.02305v2,2411.02305v2,cs.CL,"cs.CL,cs.AI",https://arxiv.org/pdf/2411.02305v2,,ranked_by=relevance;score=5
P0141,CodeNav: Beyond tool-use to using real-world codebases with LLM agents,2024,http://arxiv.org/abs/2406.12276v1,2406.12276v1,cs.AI,"cs.AI,cs.CL,cs.SE",https://arxiv.org/pdf/2406.12276v1,,ranked_by=relevance;score=5
P0142,CodexGraph: Bridging Large Language Models and Code Repositories via Code Graph Databases,2024,http://arxiv.org/abs/2408.03910v2,2408.03910v2,cs.SE,"cs.SE,cs.AI,cs.CL",https://arxiv.org/pdf/2408.03910v2,,ranked_by=relevance;score=5
P0143,Controlling Large Language Model Agents with Entropic Activation Steering,2024,http://arxiv.org/abs/2406.00244v2,2406.00244v2,cs.CL,cs.CL,https://arxiv.org/pdf/2406.00244v2,,ranked_by=relevance;score=5
P0144,EHRAgent: Code Empowers Large Language Models for Few-shot Complex Tabular Reasoning on Electronic Health Records,2024,http://arxiv.org/abs/2401.07128v3,2401.07128v3,cs.CL,"cs.CL,cs.AI",https://arxiv.org/pdf/2401.07128v3,,ranked_by=relevance;score=5
P0145,Elicitron: An LLM Agent-Based Simulation Framework for Design Requirements Elicitation,2024,http://arxiv.org/abs/2404.16045v1,2404.16045v1,cs.HC,"cs.HC,cs.AI,cs.MA",https://arxiv.org/pdf/2404.16045v1,,ranked_by=relevance;score=5
P0146,Empowering Large Language Model Agents through Action Learning,2024,http://arxiv.org/abs/2402.15809v2,2402.15809v2,cs.AI,"cs.AI,cs.CL",https://arxiv.org/pdf/2402.15809v2,,ranked_by=relevance;score=5
P0147,Enhancing Decision-Making for LLM Agents via Step-Level Q-Value Models,2024,http://arxiv.org/abs/2409.09345v1,2409.09345v1,cs.AI,cs.AI,https://arxiv.org/pdf/2409.09345v1,,ranked_by=relevance;score=5
P0148,Evaluating and Enhancing LLMs Agent based on Theory of Mind in Guandan: A Multi-Player Cooperative Game under Imperfect Information,2024,http://arxiv.org/abs/2408.02559v1,2408.02559v1,cs.CL,"cs.CL,cs.AI",https://arxiv.org/pdf/2408.02559v1,,ranked_by=relevance;score=5
P0149,Executable Code Actions Elicit Better LLM Agents,2024,http://arxiv.org/abs/2402.01030v4,2402.01030v4,cs.CL,"cs.CL,cs.AI",https://arxiv.org/pdf/2402.01030v4,,ranked_by=relevance;score=5
P0150,Federated In-Context LLM Agent Learning,2024,http://arxiv.org/abs/2412.08054v1,2412.08054v1,cs.LG,"cs.LG,cs.AI,cs.CL,cs.CR",https://arxiv.org/pdf/2412.08054v1,,ranked_by=relevance;score=5
P0151,Human-Centered LLM-Agent User Interface: A Position Paper,2024,http://arxiv.org/abs/2405.13050v2,2405.13050v2,cs.HC,"cs.HC,cs.AI",https://arxiv.org/pdf/2405.13050v2,,ranked_by=relevance;score=5
P0152,Imprompter: Tricking LLM Agents into Improper Tool Use,2024,http://arxiv.org/abs/2410.14923v2,2410.14923v2,cs.CR,cs.CR,https://arxiv.org/pdf/2410.14923v2,,ranked_by=relevance;score=5
P0153,Large Language Models as Urban Residents: An LLM Agent Framework for Personal Mobility Generation,2024,http://arxiv.org/abs/2402.14744v3,2402.14744v3,cs.AI,"cs.AI,cs.CL,cs.CY,cs.LG",https://arxiv.org/pdf/2402.14744v3,,ranked_by=relevance;score=5
P0154,LightVA: Lightweight Visual Analytics with LLM Agent-Based Task Planning and Execution,2024,http://arxiv.org/abs/2411.05651v2,2411.05651v2,cs.HC,cs.HC,https://arxiv.org/pdf/2411.05651v2,,ranked_by=relevance;score=5
P0155,MIRAI: Evaluating LLM Agents for Event Forecasting,2024,http://arxiv.org/abs/2407.01231v1,2407.01231v1,cs.CL,"cs.CL,cs.AI",https://arxiv.org/pdf/2407.01231v1,,ranked_by=relevance;score=5
P0156,Moral Alignment for LLM Agents,2024,http://arxiv.org/abs/2410.01639v4,2410.01639v4,cs.LG,"cs.LG,cs.AI,cs.CY",https://arxiv.org/pdf/2410.01639v4,,ranked_by=relevance;score=5
P0157,SOEN-101: Code Generation by Emulating Software Process Models Using Large Language Model Agents,2024,http://arxiv.org/abs/2403.15852v2,2403.15852v2,cs.SE,"cs.SE,cs.AI",https://arxiv.org/pdf/2403.15852v2,,ranked_by=relevance;score=5
P0158,Small LLMs Are Weak Tool Learners: A Multi-LLM Agent,2024,http://arxiv.org/abs/2401.07324v3,2401.07324v3,cs.AI,"cs.AI,cs.CL",https://arxiv.org/pdf/2401.07324v3,,ranked_by=relevance;score=5
P0159,Testing and Understanding Erroneous Planning in LLM Agents through Synthesized User Inputs,2024,http://arxiv.org/abs/2404.17833v1,2404.17833v1,cs.AI,"cs.AI,cs.PL",https://arxiv.org/pdf/2404.17833v1,,ranked_by=relevance;score=5
P0160,Transforming Wearable Data into Personal Health Insights using Large Language Model Agents,2024,http://arxiv.org/abs/2406.06464v4,2406.06464v4,cs.AI,"cs.AI,cs.CL",https://arxiv.org/pdf/2406.06464v4,,ranked_by=relevance;score=5
P0161,UrbanKGent: A Unified Large Language Model Agent Framework for Urban Knowledge Graph Construction,2024,http://arxiv.org/abs/2402.06861v2,2402.06861v2,cs.AI,cs.AI,https://arxiv.org/pdf/2402.06861v2,,ranked_by=relevance;score=5
P0162,Using a Feedback Loop for LLM-based Infrastructure as Code Generation,2024,http://arxiv.org/abs/2411.19043v1,2411.19043v1,cs.SE,"cs.SE,cs.AI",https://arxiv.org/pdf/2411.19043v1,,ranked_by=relevance;score=5
P0163,"You Name It, I Run It: An LLM Agent to Execute Tests of Arbitrary Projects",2024,http://arxiv.org/abs/2412.10133v2,2412.10133v2,cs.SE,"cs.SE,cs.AI",https://arxiv.org/pdf/2412.10133v2,,ranked_by=relevance;score=5
P0164,AVIS: Autonomous Visual Information Seeking with Large Language Model Agent,2023,http://arxiv.org/abs/2306.08129v3,2306.08129v3,cs.CV,"cs.CV,cs.AI,cs.CL",https://arxiv.org/pdf/2306.08129v3,,ranked_by=relevance;score=5
P0165,MathChat: Converse to Tackle Challenging Math Problems with LLM Agents,2023,http://arxiv.org/abs/2306.01337v3,2306.01337v3,cs.CL,"cs.CL,stat.ML",https://arxiv.org/pdf/2306.01337v3,,ranked_by=relevance;score=5
P0166,Active Context Compression: Autonomous Memory Management in LLM Agents,2026,http://arxiv.org/abs/2601.07190v1,2601.07190v1,cs.AI,cs.AI,https://arxiv.org/pdf/2601.07190v1,,ranked_by=relevance;score=4
P0167,Agentic Memory: Learning Unified Long-Term and Short-Term Memory Management for Large Language Model Agents,2026,http://arxiv.org/abs/2601.01885v1,2601.01885v1,cs.CL,cs.CL,https://arxiv.org/pdf/2601.01885v1,,ranked_by=relevance;score=4
P0168,Controlling Long-Horizon Behavior in Language Model Agents with Explicit State Dynamics,2026,http://arxiv.org/abs/2601.16087v1,2601.16087v1,cs.AI,"cs.AI,cs.CL",https://arxiv.org/pdf/2601.16087v1,,ranked_by=relevance;score=4
P0169,Coordinated Pandemic Control with Large Language Model Agents as Policymaking Assistants,2026,http://arxiv.org/abs/2601.09264v1,2601.09264v1,cs.AI,cs.AI,https://arxiv.org/pdf/2601.09264v1,,ranked_by=relevance;score=4
P0170,EnvScaler: Scaling Tool-Interactive Environments for LLM Agent via Programmatic Synthesis,2026,http://arxiv.org/abs/2601.05808v1,2601.05808v1,cs.CL,"cs.CL,cs.AI,cs.LG",https://arxiv.org/pdf/2601.05808v1,,ranked_by=relevance;score=4
P0171,From Failure to Mastery: Generating Hard Samples for Tool-use Agents,2026,http://arxiv.org/abs/2601.01498v1,2601.01498v1,cs.CL,cs.CL,https://arxiv.org/pdf/2601.01498v1,,ranked_by=relevance;score=4
P0172,Inferring Latent Intentions: Attributional Natural Language Inference in LLM Agents,2026,http://arxiv.org/abs/2601.08742v1,2601.08742v1,cs.CL,cs.CL,https://arxiv.org/pdf/2601.08742v1,,ranked_by=relevance;score=4
P0173,IntAgent: NWDAF-Based Intent LLM Agent Towards Advanced Next Generation Networks,2026,http://arxiv.org/abs/2601.13114v1,2601.13114v1,cs.NI,"cs.NI,cs.AI,eess.SY",https://arxiv.org/pdf/2601.13114v1,,ranked_by=relevance;score=4
P0174,"LLM Agents in Law: Taxonomy, Applications, and Challenges",2026,http://arxiv.org/abs/2601.06216v1,2601.06216v1,cs.CY,"cs.CY,cs.AI",https://arxiv.org/pdf/2601.06216v1,,ranked_by=relevance;score=4
P0175,Large Language Model Agent for User-friendly Chemical Process Simulations,2026,http://arxiv.org/abs/2601.11650v1,2601.11650v1,physics.chem-ph,"physics.chem-ph,cs.AI",https://arxiv.org/pdf/2601.11650v1,,ranked_by=relevance;score=4
P0176,MAXS: Meta-Adaptive Exploration with LLM Agents,2026,http://arxiv.org/abs/2601.09259v1,2601.09259v1,cs.AI,cs.AI,https://arxiv.org/pdf/2601.09259v1,,ranked_by=relevance;score=4
P0177,Membox: Weaving Topic Continuity into Long-Range Memory for LLM Agents,2026,http://arxiv.org/abs/2601.03785v2,2601.03785v2,cs.CL,"cs.CL,cs.AI",https://arxiv.org/pdf/2601.03785v2,,ranked_by=relevance;score=4
P0178,Replayable Financial Agents: A Determinism-Faithfulness Assurance Harness for Tool-Using LLM Agents,2026,http://arxiv.org/abs/2601.15322v1,2601.15322v1,cs.AI,"cs.AI,cs.CL",https://arxiv.org/pdf/2601.15322v1,,ranked_by=relevance;score=4
P0179,Sola-Visibility-ISPM: Benchmarking Agentic AI for Identity Security Posture Management Visibility,2026,http://arxiv.org/abs/2601.07880v1,2601.07880v1,cs.CR,"cs.CR,cs.AI",https://arxiv.org/pdf/2601.07880v1,,ranked_by=relevance;score=4
P0180,The Confidence Dichotomy: Analyzing and Mitigating Miscalibration in Tool-Use Agents,2026,http://arxiv.org/abs/2601.07264v1,2601.07264v1,cs.CL,cs.CL,https://arxiv.org/pdf/2601.07264v1,,ranked_by=relevance;score=4
P0181,ToolGym: an Open-world Tool-using Environment for Scalable Agent Testing and Data Curation,2026,http://arxiv.org/abs/2601.06328v1,2601.06328v1,cs.AI,cs.AI,https://arxiv.org/pdf/2601.06328v1,,ranked_by=relevance;score=4
P0182,What Do LLM Agents Know About Their World? Task2Quiz: A Paradigm for Studying Environment Understanding,2026,http://arxiv.org/abs/2601.09503v1,2601.09503v1,cs.AI,cs.AI,https://arxiv.org/pdf/2601.09503v1,,ranked_by=relevance;score=4
P0183,When Agents Fail: A Comprehensive Study of Bugs in LLM Agents with Automated Labeling,2026,http://arxiv.org/abs/2601.15232v1,2601.15232v1,cs.SE,cs.SE,https://arxiv.org/pdf/2601.15232v1,,ranked_by=relevance;score=4
P0184,A Multi-LLM-Agent-Based Framework for Economic and Public Policy Analysis,2025,http://arxiv.org/abs/2502.16879v1,2502.16879v1,cs.AI,"cs.AI,econ.GN",https://arxiv.org/pdf/2502.16879v1,,ranked_by=relevance;score=4
P0185,A Novel Architecture for Symbolic Reasoning with Decision Trees and LLM Agents,2025,http://arxiv.org/abs/2508.05311v1,2508.05311v1,cs.AI,"cs.AI,cs.CL",https://arxiv.org/pdf/2508.05311v1,,ranked_by=relevance;score=4
P0186,A-MEM: Agentic Memory for LLM Agents,2025,http://arxiv.org/abs/2502.12110v11,2502.12110v11,cs.CL,"cs.CL,cs.HC",https://arxiv.org/pdf/2502.12110v11,,ranked_by=relevance;score=4
P0187,ATLAS: Adaptive Trading with LLM AgentS Through Dynamic Prompt Optimization and Multi-Agent Coordination,2025,http://arxiv.org/abs/2510.15949v2,2510.15949v2,q-fin.TR,"q-fin.TR,cs.AI",https://arxiv.org/pdf/2510.15949v2,,ranked_by=relevance;score=4
P0188,Achieving Olympia-Level Geometry Large Language Model Agent via Complexity Boosting Reinforcement Learning,2025,http://arxiv.org/abs/2512.10534v2,2512.10534v2,cs.AI,cs.AI,https://arxiv.org/pdf/2512.10534v2,,ranked_by=relevance;score=4
P0189,Adversarial Reinforcement Learning for Large Language Model Agent Safety,2025,http://arxiv.org/abs/2510.05442v1,2510.05442v1,cs.LG,"cs.LG,cs.AI,cs.CL",https://arxiv.org/pdf/2510.05442v1,,ranked_by=relevance;score=4
P0190,AgenTracer: Who Is Inducing Failure in the LLM Agentic Systems?,2025,http://arxiv.org/abs/2509.03312v2,2509.03312v2,cs.CL,"cs.CL,cs.MA",https://arxiv.org/pdf/2509.03312v2,,ranked_by=relevance;score=4
P0191,Agent-UniRAG: A Trainable Open-Source LLM Agent Framework for Unified Retrieval-Augmented Generation Systems,2025,http://arxiv.org/abs/2505.22571v3,2505.22571v3,cs.CL,"cs.CL,cs.AI,cs.DB,cs.IR",https://arxiv.org/pdf/2505.22571v3,,ranked_by=relevance;score=4
P0192,AgentGuard: Repurposing Agentic Orchestrator for Safety Evaluation of Tool Orchestration,2025,http://arxiv.org/abs/2502.09809v1,2502.09809v1,cs.CR,"cs.CR,cs.AI",https://arxiv.org/pdf/2502.09809v1,,ranked_by=relevance;score=4
P0193,AgentSpec: Customizable Runtime Enforcement for Safe and Reliable LLM Agents,2025,http://arxiv.org/abs/2503.18666v3,2503.18666v3,cs.AI,"cs.AI,cs.CL",https://arxiv.org/pdf/2503.18666v3,,ranked_by=relevance;score=4
P0194,AgentVigil: Generic Black-Box Red-teaming for Indirect Prompt Injection against LLM Agents,2025,http://arxiv.org/abs/2505.05849v4,2505.05849v4,cs.CR,"cs.CR,cs.AI",https://arxiv.org/pdf/2505.05849v4,,ranked_by=relevance;score=4
P0195,Aligning LLM agents with human learning and adjustment behavior: a dual agent approach,2025,http://arxiv.org/abs/2511.00993v1,2511.00993v1,cs.AI,"cs.AI,cs.LG",https://arxiv.org/pdf/2511.00993v1,,ranked_by=relevance;score=4
P0196,Aligning Large Language Model Agents with Rational and Moral Preferences: A Supervised Fine-Tuning Approach,2025,http://arxiv.org/abs/2507.20796v1,2507.20796v1,econ.GN,"econ.GN,cs.AI,cs.LG",https://arxiv.org/pdf/2507.20796v1,,ranked_by=relevance;score=4
P0197,Architecting Resilient LLM Agents: A Guide to Secure Plan-then-Execute Implementations,2025,http://arxiv.org/abs/2509.08646v1,2509.08646v1,cs.CR,"cs.CR,cs.AI,eess.SY",https://arxiv.org/pdf/2509.08646v1,,ranked_by=relevance;score=4
P0198,Are LLM Agents the New RPA? A Comparative Study with RPA Across Enterprise Workflows,2025,http://arxiv.org/abs/2509.04198v1,2509.04198v1,cs.CY,"cs.CY,cs.MA",https://arxiv.org/pdf/2509.04198v1,,ranked_by=relevance;score=4
P0199,AutoAgent: A Fully-Automated and Zero-Code Framework for LLM Agents,2025,http://arxiv.org/abs/2502.05957v3,2502.05957v3,cs.AI,"cs.AI,cs.CL",https://arxiv.org/pdf/2502.05957v3,,ranked_by=relevance;score=4
P0200,Automated stereotactic radiosurgery planning using a human-in-the-loop reasoning large language model agent,2025,http://arxiv.org/abs/2512.20586v1,2512.20586v1,cs.AI,"cs.AI,cs.CL,cs.HC",https://arxiv.org/pdf/2512.20586v1,,ranked_by=relevance;score=4
P0201,Automating Structural Engineering Workflows with Large Language Model Agents,2025,http://arxiv.org/abs/2510.11004v1,2510.11004v1,cs.MA,"cs.MA,cs.AI,cs.CE,cs.CL",https://arxiv.org/pdf/2510.11004v1,,ranked_by=relevance;score=4
P0202,Autonomy Matters: A Study on Personalization-Privacy Dilemma in LLM Agents,2025,http://arxiv.org/abs/2510.04465v1,2510.04465v1,cs.HC,"cs.HC,cs.AI,cs.CR",https://arxiv.org/pdf/2510.04465v1,,ranked_by=relevance;score=4
P0203,Benevolent Dictators? On LLM Agent Behavior in Dictator Games,2025,http://arxiv.org/abs/2511.08721v1,2511.08721v1,cs.LG,"cs.LG,cs.AI,cs.CL",https://arxiv.org/pdf/2511.08721v1,,ranked_by=relevance;score=4
P0204,BuildBench: Benchmarking LLM Agents on Compiling Real-World Open-Source Software,2025,http://arxiv.org/abs/2509.25248v1,2509.25248v1,cs.SE,"cs.SE,cs.AI,cs.PL",https://arxiv.org/pdf/2509.25248v1,,ranked_by=relevance;score=4
P0205,Can LLM Agents Really Debate? A Controlled Study of Multi-Agent Debate in Logical Reasoning,2025,http://arxiv.org/abs/2511.07784v1,2511.07784v1,cs.MA,cs.MA,https://arxiv.org/pdf/2511.07784v1,,ranked_by=relevance;score=4
P0206,CodeARC: Benchmarking Reasoning Capabilities of LLM Agents for Inductive Program Synthesis,2025,http://arxiv.org/abs/2503.23145v2,2503.23145v2,cs.PL,"cs.PL,cs.AI,cs.CL,cs.LG",https://arxiv.org/pdf/2503.23145v2,,ranked_by=relevance;score=4
P0207,Commercial LLM Agents Are Already Vulnerable to Simple Yet Dangerous Attacks,2025,http://arxiv.org/abs/2502.08586v1,2502.08586v1,cs.LG,"cs.LG,cs.AI",https://arxiv.org/pdf/2502.08586v1,,ranked_by=relevance;score=4
P0208,Comp-X: On Defining an Interactive Learned Image Compression Paradigm With Expert-driven LLM Agent,2025,http://arxiv.org/abs/2508.15243v1,2508.15243v1,cs.CV,cs.CV,https://arxiv.org/pdf/2508.15243v1,,ranked_by=relevance;score=4
P0209,Conformal Constrained Policy Optimization for Cost-Effective LLM Agents,2025,http://arxiv.org/abs/2511.11828v1,2511.11828v1,cs.LG,"cs.LG,cs.AI",https://arxiv.org/pdf/2511.11828v1,,ranked_by=relevance;score=4
P0210,Connecting Large Language Model Agent to High Performance Computing Resource,2025,http://arxiv.org/abs/2502.12280v1,2502.12280v1,cs.DC,"cs.DC,cs.AI",https://arxiv.org/pdf/2502.12280v1,,ranked_by=relevance;score=4
P0211,CostBench: Evaluating Multi-Turn Cost-Optimal Planning and Adaptation in Dynamic Environments for LLM Tool-Use Agents,2025,http://arxiv.org/abs/2511.02734v1,2511.02734v1,cs.AI,"cs.AI,cs.CL",https://arxiv.org/pdf/2511.02734v1,,ranked_by=relevance;score=4
P0212,"DEBATE: A Large-Scale Benchmark for Role-Playing LLM Agents in Multi-Agent, Long-Form Debates",2025,http://arxiv.org/abs/2510.25110v1,2510.25110v1,cs.CL,cs.CL,https://arxiv.org/pdf/2510.25110v1,,ranked_by=relevance;score=4
P0213,DRAFT-RL: Multi-Agent Chain-of-Draft Reasoning for Reinforcement Learning-Enhanced LLMs,2025,http://arxiv.org/abs/2511.20468v1,2511.20468v1,cs.AI,cs.AI,https://arxiv.org/pdf/2511.20468v1,,ranked_by=relevance;score=4
P0214,DRF: LLM-AGENT Dynamic Reputation Filtering Framework,2025,http://arxiv.org/abs/2509.05764v1,2509.05764v1,cs.AI,cs.AI,https://arxiv.org/pdf/2509.05764v1,,ranked_by=relevance;score=4
P0215,Demonstrating specification gaming in reasoning models,2025,http://arxiv.org/abs/2502.13295v3,2502.13295v3,cs.AI,cs.AI,https://arxiv.org/pdf/2502.13295v3,,ranked_by=relevance;score=4
P0216,Doc2Agent: Scalable Generation of Tool-Using Agents from API Documentation,2025,http://arxiv.org/abs/2506.19998v1,2506.19998v1,cs.CL,cs.CL,https://arxiv.org/pdf/2506.19998v1,,ranked_by=relevance;score=4
P0217,Does AI-Assisted Coding Deliver? A Difference-in-Differences Study of Cursor's Impact on Software Projects,2025,http://arxiv.org/abs/2511.04427v2,2511.04427v2,cs.SE,"cs.SE,cs.AI",https://arxiv.org/pdf/2511.04427v2,,ranked_by=relevance;score=4
P0218,Doppelganger Method: Breaking Role Consistency in LLM Agent via Prompt-based Transferable Adversarial Attack,2025,http://arxiv.org/abs/2506.14539v2,2506.14539v2,cs.AI,"cs.AI,cs.CR",https://arxiv.org/pdf/2506.14539v2,,ranked_by=relevance;score=4
P0219,EU-Agent-Bench: Measuring Illegal Behavior of LLM Agents Under EU Law,2025,http://arxiv.org/abs/2510.21524v1,2510.21524v1,cs.AI,cs.AI,https://arxiv.org/pdf/2510.21524v1,,ranked_by=relevance;score=4
P0220,Enforcing Temporal Constraints for LLM Agents,2025,http://arxiv.org/abs/2512.23738v1,2512.23738v1,cs.PL,"cs.PL,cs.AI,cs.FL,cs.LO",https://arxiv.org/pdf/2512.23738v1,,ranked_by=relevance;score=4
